{"cameraMode":{"drawMode":0,"name":"Shaded","section":"Shading Mode"},"sceneLighting":false,"audioPlay":false,"sceneViewState":{"showFog":false,"showMaterialUpdate":false,"showSkybox":false,"showFlares":false,"showImageEffects":false,"showParticleSystems":false},"in2DMode":false,"pivot":{"x":5.960464477539063e-8,"y":0.0,"z":-1.1920928955078126e-7},"rotation":{"x":0.23072189092636109,"y":0.010971453972160817,"z":-0.003954899962991476,"w":0.9731175303459168},"size":4.041658401489258,"orthographic":false}