{"cameraMode":{"drawMode":0,"name":"Shaded","section":"Shading Mode"},"sceneLighting":false,"audioPlay":false,"sceneViewState":{"showFog":false,"showMaterialUpdate":false,"showSkybox":false,"showFlares":false,"showImageEffects":false,"showParticleSystems":false},"in2DMode":false,"pivot":{"x":0.021728992462158204,"y":0.10840749740600586,"z":-2.945054054260254},"rotation":{"x":0.010014601051807404,"y":0.9858038425445557,"z":-0.06367269903421402,"w":0.15504495799541474},"size":38.93098831176758,"orthographic":false}