{"cameraMode":{"drawMode":0,"name":"Shaded","section":"Shading Mode"},"sceneLighting":false,"audioPlay":false,"sceneViewState":{"showFog":true,"showMaterialUpdate":false,"showSkybox":false,"showFlares":true,"showImageEffects":true,"showParticleSystems":true},"in2DMode":false,"pivot":{"x":197.84347534179688,"y":-1.8490848541259766,"z":191.33624267578126},"rotation":{"x":-0.016776449978351594,"y":0.9829579591751099,"z":-0.11734309047460556,"w":-0.14073078334331513},"size":1.6541178226470948,"orthographic":false}