{"cameraMode":{"drawMode":0,"name":"Shaded","section":"Shading Mode"},"sceneLighting":true,"audioPlay":false,"sceneViewState":{"showFog":false,"showMaterialUpdate":false,"showSkybox":false,"showFlares":false,"showImageEffects":false,"showParticleSystems":false},"in2DMode":false,"pivot":{"x":149.24102783203126,"y":53.16289138793945,"z":-5.66774845123291},"rotation":{"x":-0.10316634178161621,"y":0.7022038102149963,"z":-0.10397418588399887,"w":-0.6967508792877197},"size":102.30089569091797,"orthographic":false}